date,type,title,people,affiliation,details,day,month,year
2026-10-11T00:00:00Z,Colloquium,What even is redundancy and deficiency?,"Name, Name",University of Vienna · University of Graz,"**Time:** 09:00-17:00  
**Location:** Seminar Room 14, University of Vienna

This workshop examines the interaction between redundancy and deficiency across different linguistic domains.

[View programme](events/programmes/workshop-name.pdf){.event-link}
",11,OCT,2026
2026-12-21T00:00:00Z,Colloquium,What even is redundancy and deficiency?,"Name, Name",University of Vienna · University of Graz,"**Time:** 09:00-17:00  
**Location:** Seminar Room 14, University of Vienna

This workshop examines the interaction between redundancy and deficiency across different linguistic domains.

[View programme](events/programmes/workshop-name.pdf){.event-link}
",21,DEC,2026
