P07,talk,2025,"Adolf, P. (2025). *Empirical Perspectives on the Object Agreement Cycle analysis of different varieties of Spanish*. Deutscher Hispanistentag XXIV, Uni Hamburg.","@misc{Adolf_2025, author={Adolf, P.}, title={Empirical Perspectives on the Object Agreement Cycle analysis of different varieties of Spanish}, year={2025}, eventtitle={Deutscher Hispanistentag XXIV}, venue={Uni Hamburg} }"
P07,talk,2025,"Adolf, P. (2025). *Verb-driven Patterns of Object Omission in the History of Spanish: A Corpus-based Analysis* [Poster]. Null Objects from a Crosslinguistic and Developmental Perspective, Palma, Spain.","@misc{Adolf_2025, author={Adolf, P.}, title={Verb-driven Patterns of Object Omission in the History of Spanish: A Corpus-based Analysis}, year={2025}, eventtitle={Null Objects from a Crosslinguistic and Developmental Perspective}, venue={Palma, Spain} }"
P07,talk,2026,"Adolf, P. (2026). *Entre omisión y doblado – variación en la realización del objeto directo en español y portugués* [Invited talk]. Tribuna Festival, University of Graz.","@misc{Adolf_2026, author={Adolf, P.}, title={Entre omisión y doblado – variación en la realización del objeto directo en español y portugués}, year={2026}, eventtitle={Tribuna Festival}, venue={University of Graz} }"
P07,talk,2026,"Adolf, P. (2026). *Predicting null objects – a quantitative perspective on direct object realisation patterns in Peninsular Spanish* [Invited talk]. Linguistisches Kolloquium, University of Zürich.","@misc{Adolf_2026, author={Adolf, P.}, title={Predicting null objects – a quantitative perspective on direct object realisation patterns in Peninsular Spanish}, year={2026}, eventtitle={Linguistisches Kolloquium}, venue={University of Zürich} }"
P07,talk,2026,"Adolf, P. (2026). *Predicting object omission – a quantitative approach to direct object omission in Peninsular Spanish*. Alpes 6, Kandersteg, Switzerland.","@misc{Adolf_2026, author={Adolf, P.}, title={Predicting object omission – a quantitative approach to direct object omission in Peninsular Spanish}, year={2026}, eventtitle={Alpes 6}, venue={Kandersteg, Switzerland} }"
P07,talk,2025,"Adolf, P., Losavio, M., & Wall, A. (2025). *A duplicação de clíticos no português brasileiro não-padrão não codifica especificidade, mas o grau de envolvimento do falante*. 16. Lusitanistentag, LMU München.","@misc{Adolf_Losavio_Wall_2025, author={Adolf, P. and Losavio, M. and Wall, A.}, title={A duplicação de clíticos no português brasileiro não-padrão não codifica especificidade, mas o grau de envolvimento do falante}, year={2025}, eventtitle={16. Lusitanistentag}, venue={LMU München} }"
P07,talk,2025,"Adolf, P., Losavio, M., & Wall, A. (2025). *Redundancia y deficiencia en las lenguas iberorrománicas: evidencia experimental sobre el doblado de clíticos y los objetos nulos* [Invited talk]. Seminario de Estudios Hispánicos, Universidad Autónoma de Madrid, Spain.","@misc{Adolf_Losavio_Wall_2025, author={Adolf, P. and Losavio, M. and Wall, A.}, title={Redundancia y deficiencia en las lenguas iberorrománicas: evidencia experimental sobre el doblado de clíticos y los objetos nulos}, year={2025}, eventtitle={Seminario de Estudios Hispánicos}, venue={Universidad Autónoma de Madrid, Spain} }"
P05,talk,2023,"Arsenijević, B. (2023). *Intensified pronouns and reflexivization*. Austrian Linguistics Conference, University of Graz.","@misc{Arsenijević_2023, author={Arsenijević, B.}, title={Intensified pronouns and reflexivization}, year={2023}, eventtitle={Austrian Linguistics Conference}, venue={University of Graz} }"
P05,talk,2024,"Arsenijević, B. (2024). *From intensification to reflexivization and back* [Invited talk].","@misc{Arsenijević_2024, author={Arsenijević, B.}, title={From intensification to reflexivization and back}, year={2024}, venue={Utrecht} }"
P05,publication,2025,"Arsenijević, B. (2025). Overt, Omitted and Cliticized Structural Arguments in Preschool Speakers of Serbian Dialectal Varieties. *Balcania et Slavia*, *5*(2), 1–13.","@article{Arsenijević_2025, author={Arsenijević, B.}, title={Overt, Omitted and Cliticized Structural Arguments in Preschool Speakers of Serbian Dialectal Varieties}, year={2025}, volume={5}, number={2}, journal={Balcania et Slavia}, pages={1–13} }"
P05,talk,2026,"Arsenijević, B. (2026). *Redundancy and Deficiency in Distributed Syntax* [Course].","@misc{Arsenijević_2026, author={Arsenijević, B.}, title={Redundancy and Deficiency in Distributed Syntax}, year={2026}, venue={University of Nova Gorica} }"
P05,publication,2026,"Arsenijević, B., Milosavljević, A., & Milosavljević, S. (2026). Anaphoricity as the source of multifunctionality in confirmational particles. *Proceedings of the Conference Referential Expressions in Discourse (RED) 2025*.","@inproceedings{Arsenijević_Milosavljević_Milosavljević_2026, author={Arsenijević, B. and Milosavljević, A. and Milosavljević, S.}, title={Anaphoricity as the source of multifunctionality in confirmational particles}, year={2026}, booktitle={Proceedings of the conference Referential Expressions in Discourse (RED) 2025} }"
P06,publication,2025,"Bleotu, A. C., & Bîlbîie, G. (2025). Agreement with complex disjunction: Syntactic and semantic strategies with singular disjuncts in child and adult Romanian. *Isogloss. Open Journal of Romance Linguistics*, *11*(7), 1–27." https://doi.org/10.5565/rev/isogloss.579,"@article{Bleotu_Bîlbîie_2025, author={Bleotu, A. C. and Bîlbîie, G.}, title={Agreement with complex disjunction: Syntactic and semantic strategies with singular disjuncts in child and adult Romanian}, year={2025}, month={Nov}, volume={11}, ISSN={2385-4138}, DOI={10.5565/rev/isogloss.579}, number={7}, journal={Isogloss. Open Journal of Romance Linguistics}, pages={1–27} }"
P06,publication,2025,"Bleotu, A. C., & Levina, E. (2025). The role of animacy and number in anaphoric personal pronoun subjects: Experimental insights from child and adult Romanian. *Proceedings of the Conference Referential Expressions in Discourse (RED) 2025*.","@inproceedings{Bleotu_Levina_2025, author={Bleotu, A. C. and Levina, E.}, title={The role of animacy and number in anaphoric personal pronoun subjects: Experimental insights from child and adult Romanian}, year={2025}, booktitle={Proceedings of the conference Referential Expressions in Discourse (RED) 2025} }"
P10,talk,2025,"Büring, D. (2025). *A New Semantics for Attitude Reports*. Sinn und Bedeutung 30, Frankfurt.","@misc{Büring_2025, author={Büring, D.}, title={A New Semantics for Attitude Reports}, year={2025}, eventtitle={Sinn und Bedeutung 30}, venue={Frankfurt} }"
P10,publication,2026,"Büring, D. (2026). Double Access and the Semantics of Attitude and Speech Reports. *Proceedings of Sinn Und Bedeutung 30 (SuB 30)*.","@inproceedings{Büring_2026, author={Büring, D.}, title={Double Access and the Semantics of Attitude and Speech Reports}, year={2026}, booktitle={Proceedings of Sinn und Bedeutung 30 (SuB 30)} }"
P10,talk,2025,"Büring, D., & Loitzl, M. (2025). *Complex Temporal Modifiers in German*. RED, Graz.","@misc{Büring_Loitzl_2025, author={Büring, D. and Loitzl, M.}, title={Complex Temporal Modifiers in German}, year={2025}, eventtitle={RED}, venue={Graz} }"
P10,publication,2026,"Büring, D., & Loitzl, M. (2026). Complex Temporal Modifiers in German. *Proceedings of the Conference Referential Expressions in Discourse (RED) 2025*.","@inproceedings{Büring_Loitzl_2026, author={Büring, D. and Loitzl, M.}, title={Complex Temporal Modifiers in German}, year={2026}, place={Graz}, booktitle={Proceedings of the conference Referential Expressions in Discourse (RED) 2025} }"
P10,talk,2025,"Büring, D., & Schindler, J. (2025). Full-frame effects with temporal quantifers. In *Workshop “Current Issues in Syntax, Semantics and Pragmatics”*. 49. ÖLT, Klagenfurt.","@misc{Büring_Schindler_2025, author={Büring, D. and Schindler, J.}, title={Full-frame effects with temporal quantifers}, year={2025}, eventtitle={49. ÖLT}, venue={Klagenfurt}, journal={Workshop “Current Issues in Syntax, Semantics and Pragmatics”} }"
P10,talk,2026,"Butschety, M., & Loitzl, M. (2026). *Did you have already expectations? On the German adverbial schon “already” and (un)expectedness*. SinFonIJA 19, Graz.","@misc{Butschety_Loitzl_2026, author={Butschety, M. and Loitzl, M.}, title={Did you have already expectations? On the German adverbial schon “already” and (un)expectedness}, year={2026}, eventtitle={SinFonIJA 19}, venue={Graz} }"
P09,talk,2026,"Da Cunha, Y. (2026). *Gender prominence across text genres: a corpus study on English, French and Spanish*. 4th International Conference Prominence in Language 2026 (ICPL IV), Köln.","@misc{Da Cunha_2026, author={Da Cunha, Y.}, title={Gender prominence across text genres: a corpus study on English, French and Spanish}, year={2026}, eventtitle={4th International Conference Prominence in Language 2026 (ICPL IV)}, venue={Köln} }"
P09,publication,2025,"Da Cunha, Y., & Heidinger, S. (2025). A competition puzzle: Strong, null and demonstrative pronouns in French PPs. *Proceedings of the Conference Referential Expressions in Discourse (RED) 2025*.","@inproceedings{Da Cunha_Heidinger_2025, author={Da Cunha, Y. and Heidinger, S.}, title={A competition puzzle: Strong, null and demonstrative pronouns in French PPs}, year={2025}, place={University of Graz}, booktitle={Proceedings of the conference Referential Expressions in Discourse (RED) 2025} }"
P09,talk,2025,"Da Cunha, Y., & Heidinger, S. (2025). *Competition effects on animacy restrictions in French and Spanish PPs* [Invited talk]. Linglunch, Université Paris Cité.","@misc{Da Cunha_Heidinger_2025, author={Da Cunha, Y. and Heidinger, S.}, title={Competition effects on animacy restrictions in French and Spanish PPs}, year={2025}, month={Feb}, eventtitle={Linglunch}, venue={Université Paris Cité} }"
P09,talk,2025,"Da Cunha, Y., & Heidinger, S. (2025). *Asymmetries in pronoun strength and competition effects in binding*. SFB Clitic Cluster Workshop, Vienna.","@misc{Da Cunha_Heidinger_2025, author={Da Cunha, Y. and Heidinger, S.}, title={Asymmetries in pronoun strength and competition effects in binding}, year={2025}, month={Apr}, eventtitle={SFB Clitic Cluster Workshop}, venue={Vienna} }"
P09,talk,2025,"Da Cunha, Y., & Heidinger, S. (2025). *Competition-driven animacy mismatches in anaphoric relations* [Poster]. Mismatches in anaphoric relations (RED 25), Graz.","@misc{Da Cunha_Heidinger_2025, author={Da Cunha, Y. and Heidinger, S.}, title={Competition-driven animacy mismatches in anaphoric relations}, year={2025}, month={May}, eventtitle={Mismatches in anaphoric relations (RED 25)}, venue={Graz} }"
P09,talk,2025,"Da Cunha, Y., & Heidinger, S. (2025). *Animacy restrictions on French strong pronouns: A spanning approach in DM*. Salzburg Redefi Days, Salzburg.","@misc{Da Cunha_Heidinger_2025, author={Da Cunha, Y. and Heidinger, S.}, title={Animacy restrictions on French strong pronouns: A spanning approach in DM}, year={2025}, month={July}, eventtitle={Salzburg Redefi Days}, venue={Salzburg} }"
P09,publication,2026,"Da Cunha, Y., & Heidinger, S. (2026). Animacy restrictions without animacy features: The case of strong pronouns in French and Spanish. *Glossa: A Journal of General Linguistics*, *11*(1)." https://doi.org/10.16995/glossa.23551,"@article{Da Cunha_Heidinger_2026, author={Da Cunha, Y. and Heidinger, S.}, title={Animacy restrictions without animacy features: The case of strong pronouns in French and Spanish}, year={2026}, volume={11}, DOI={https://doi.org/10.16995/glossa.23551}, number={1}, journal={Glossa: a journal of general linguistics} }"
P09,talk,2026,"Da Cunha, Y., & Heidinger, S. (2026). *Argument drop and competition effects: Experimental and corpus studies on French and Spanish PPs* [Invited talk]. Linguistisches Kolloquium der Romanistik, University of Köln.","@misc{Da Cunha_Heidinger_2026, author={Da Cunha, Y. and Heidinger, S.}, title={Argument drop and competition effects: Experimental and corpus studies on French and Spanish PPs}, year={2026}, eventtitle={Linguistisches Kolloquium der Romanistik}, venue={University of Köln} }"
P09,publication,2026,"Da Cunha, Y., & Heidinger, S. (2026). Competition effects on animacy restrictions: French and Spanish PPs as a case. *Romanische Forschungen*.","@article{Da Cunha_Heidinger_2026, author={Da Cunha, Y. and Heidinger, S.}, title={Competition effects on animacy restrictions: French and Spanish PPs as a case}, year={2026}, journal={Romanische Forschungen} }"
P09,talk,2024,"Da Cunha, Y., Heidinger, S., & Schwarzenberger, A. (2024). *Competition and animacy restrictions:  French and Spanish PPs as a case*.","@misc{Da Cunha_Heidinger_Schwarzenberger_2024, author={Da Cunha, Y. and Heidinger, S. and Schwarzenberger, A.}, title={Competition and animacy restrictions:  French and Spanish PPs as a case}, year={2024}, venue={En ligne} }"
P09,talk,2024,"Da Cunha, Y., Heidinger, S., & Schwarzenberger, A. (2024). *Competition and animacy restrictions: French and Spanish PPs as a case*. Workshop: Pronouns in PPs, Graz (online).","@misc{Da Cunha_Heidinger_Schwarzenberger_2024, author={Da Cunha, Y. and Heidinger, S. and Schwarzenberger, A.}, title={Competition and animacy restrictions: French and Spanish PPs as a case}, year={2024}, eventtitle={Workshop: Pronouns in PPs}, venue={Graz (online)} }"
P09,talk,2025,"Da Cunha, Y., & Steffen, H. (2025). *How to stay flexible in DM: Animacy & French pronouns*. SFB Retreat, Semmering.","@misc{Da Cunha_Steffen_2025, author={Da Cunha, Y. and Steffen, H.}, title={How to stay flexible in DM: Animacy & French pronouns}, year={2025}, month={June}, eventtitle={SFB Retreat}, venue={Semmering} }"
P09,talk,2026,"Da Cunha, Y., & Steffen, H. (2026). *Quel pronom gagne la compétition? Le cas des pronoms forts, nuls et démonstratifs dans les syntagmes prépositionnels.* [Invited talk]. Séminaire du laboratoire CLLE, Toulouse.","@misc{Da Cunha_Steffen_2026, author={Da Cunha, Y. and Steffen, H.}, title={Quel pronom gagne la compétition? Le cas des pronoms forts, nuls et démonstratifs dans les syntagmes prépositionnels.}, year={2026}, eventtitle={Séminaire du laboratoire CLLE}, venue={Toulouse} }"
P02,publication,2026,"Dampfhofer, S., & Onea, E. (2026). Shift Happens – When and Why Anaphoric Pronouns Prefer Shifted Gender. *Proceedings of the Conference Referential Expressions in Discourse (RED) 2025*.","@inproceedings{Dampfhofer_Onea_2026, author={Dampfhofer, S. and Onea, E.}, title={Shift Happens – When and Why Anaphoric Pronouns Prefer Shifted Gender}, year={2026}, booktitle={Proceedings of the conference Referential Expressions in Discourse (RED) 2025} }"
P03,talk,2024,"Elliott, P., & Kobayashi, F. H. (2024). *Ignorance under attitudes* [Poster]. Amsterdam Colloquium.","@misc{Elliott_Kobayashi_2024, author={Elliott, P. and Kobayashi, F. H.}, title={Ignorance under attitudes}, year={2024}, eventtitle={Amsterdam Colloquium} }"
P03,publication,2024,"Elliott, P., & Kobayashi, F. H. (2024). Ignorance under attitudes. *Proceedings of the 24th Amsterdam Colloquium*.","@inproceedings{Elliott_Kobayashi_2024, author={Elliott, P. and Kobayashi, F. H.}, title={Ignorance under attitudes}, year={2024}, booktitle={Proceedings of the 24th Amsterdam Colloquium} }"
P06,publication,To appear,"Gerard, J., Bleotu, A. C., & McDaniel, D. (To appear). In control or not? Acquisition of non-finite adjunct clauses in Romanian vs. English. *BUCLD Proceedings*.","@inproceedings{Gerard_Bleotu_McDaniel_To appear, author={Gerard, J. and Bleotu, A. C. and McDaniel, D.}, title={In control or not? Acquisition of non-finite adjunct clauses in Romanian vs. English}, year={To appear}, booktitle={BUCLD Proceedings} }"
P09,publication,2024,"Heidinger, S. (2024). Types of zero complements in French and Spanish prepositional phrases: New evidence from acceptability judgment experiments. *Isogloss. Open Journal of Romance Linguistics*, *10*(1), 1–29." https://doi.org/10.5565/rev/isogloss.371,"@article{Heidinger_2024, author={Heidinger, S.}, title={Types of zero complements in French and Spanish prepositional phrases: New evidence from acceptability judgment experiments}, year={2024}, month={May}, volume={10}, ISSN={2385-4138}, DOI={10.5565/rev/isogloss.371}, number={1}, journal={Isogloss. Open Journal of Romance Linguistics}, pages={1–29} }"
P09,talk,2024,"Heidinger, S. (2024). *Types of zero complements in French and Spanish prepositional phrases: New evidence from acceptability judgment experiments*. SLE: Annual Meeting of the Societas Linguistica Europaea, Helsinki.","@misc{Heidinger_2024, author={Heidinger, S.}, title={Types of zero complements in French and Spanish prepositional phrases: New evidence from acceptability judgment experiments}, year={2024}, eventtitle={SLE: Annual Meeting of the Societas Linguistica Europaea}, venue={Helsinki} }"
P09,talk,2025,"Heidinger, S. (2025). *Aceptabilidad y frecuencia: El caso de las preposiciones huérfanas*. Deutscher Hispanistiktag, Hamburg.","@misc{Heidinger_2025, author={Heidinger, S.}, title={Aceptabilidad y frecuencia: El caso de las preposiciones huérfanas}, year={2025}, eventtitle={Deutscher Hispanistiktag}, venue={Hamburg} }"
P05,talk,2024,"Heidinger, S., & Arsenijević, B. (2024). *SFB: Language between redundancy and deficiency* [Invited talk]. Linguistisches Kolloquium, University of Graz.","@misc{Heidinger_Arsenijević_2024, author={Heidinger, S. and Arsenijević, B.}, title={SFB: Language between redundancy and deficiency}, year={2024}, eventtitle={Linguistisches Kolloquium}, venue={University of Graz} }"
P09,talk,2025,"Heidinger, S., & Da Cunha, Y. (2025). *Animacy restrictions without animacy features: Strong pronouns in French*. Going Romance, Venice.","@misc{Heidinger_Da Cunha_2025, author={Heidinger, S. and Da Cunha, Y.}, title={Animacy restrictions without animacy features: Strong pronouns in French}, year={2025}, eventtitle={Going Romance}, venue={Venice} }"
P09,talk,2025,"Heidinger, S., & Da Cunha, Y. (2025). *Redundanz, Defizienz und Wettbewerb: Belebtheit und Pronomen im Französischen und Spanisch* [Invited talk]. Oberseminar, Institut für Romanistik, Universität Regensburg, En ligne.","@misc{Heidinger_Da Cunha_2025, author={Heidinger, S. and Da Cunha, Y.}, title={Redundanz, Defizienz und Wettbewerb: Belebtheit und Pronomen im Französischen und Spanisch}, year={2025}, month={Jan}, eventtitle={Oberseminar, Institut für Romanistik, Universität Regensburg}, venue={En ligne} }"
P09,talk,2025,"Heidinger, S., & Da Cunha, Y. (2025). *Argument drop and competition effects: An experimental study on French and Spanish PPs.*. 58th Annual Meeting of the Societas Linguistica Europaea, Bordeaux.","@misc{Heidinger_Da Cunha_2025, author={Heidinger, S. and Da Cunha, Y.}, title={Argument drop and competition effects: An experimental study on French and Spanish PPs.}, year={2025}, month={Aug}, eventtitle={58th Annual Meeting of the Societas Linguistica Europaea}, venue={Bordeaux} }"
P09,talk,2026,"Heidinger, S., & Da Cunha, Y. (2026). Definiteness restrictions on null complements in Spanish and French PPs. In *Workshop “Ellipsis and the Architecture of Language: When and Why Can an Element Be Elided?”*. LIV Simposio de la Sociedad Española de Lingüística, Madrid.","@misc{Heidinger_Da Cunha_2026, author={Heidinger, S. and Da Cunha, Y.}, title={Definiteness restrictions on null complements in Spanish and French PPs}, year={2026}, eventtitle={LIV Simposio de la Sociedad Española de Lingüística}, venue={Madrid}, journal={Workshop “Ellipsis and the Architecture of Language: When and Why Can an Element Be Elided?”} }"
P09,talk,2026,"Heidinger, S., & Da Cunha, Y. (2026). *Restrictions d’animéité et effets de compétition dans le système pronominal du français* [Invited talk]. Séminaire “Les proformes et leurs antécédents,” Fribourg.","@misc{Heidinger_Da Cunha_2026, author={Heidinger, S. and Da Cunha, Y.}, title={Restrictions d’animéité et effets de compétition dans le système pronominal du français}, year={2026}, eventtitle={Séminaire “Les proformes et leurs antécédents”}, venue={Fribourg} }"
P09,talk,2026,"Heidinger, S., Da Cunha, Y., & Martínez-García, C. (2026). *Definiteness and specificity restrictions on implicit arguments across domains and languages*. SinFonIJA 19, Graz.","@misc{Heidinger_Da Cunha_Martínez-García_2026, author={Heidinger, S. and Da Cunha, Y. and Martínez-García, C.}, title={Definiteness and specificity restrictions on implicit arguments across domains and languages}, year={2026}, eventtitle={SinFonIJA 19}, venue={Graz} }"
P09,talk,2026,"Heidinger, S., Da Cunha, Y., & Martínez-García, C. (2026). *Definiteness and specificity restrictions on implicit arguments across domains and languages*. Workshop: Syntax and Semantics of Implicit Arguments, Graz.","@misc{Heidinger_Da Cunha_Martínez-García_2026, author={Heidinger, S. and Da Cunha, Y. and Martínez-García, C.}, title={Definiteness and specificity restrictions on implicit arguments across domains and languages}, year={2026}, eventtitle={Workshop: Syntax and Semantics of Implicit Arguments}, venue={Graz} }"
P09,talk,2026,"Heidinger, S., Da Cunha, Y., & Martínez-García, C. (2026). *Definiteness and specificity restrictions on implicit arguments across domains and languages*. Silent Arguments: pro-drop and argument ellipsis in theory, acquisition and diachrony, Konstanz.","@misc{Heidinger_Da Cunha_Martínez-García_2026, author={Heidinger, S. and Da Cunha, Y. and Martínez-García, C.}, title={Definiteness and specificity restrictions on implicit arguments across domains and languages}, year={2026}, eventtitle={Silent Arguments: pro-drop and argument ellipsis in theory, acquisition and diachrony}, venue={Konstanz} }"
P09,publication,2026,"Heidinger, S., & Troberg, M. (2026). Spatial expressions with implicit (and overt) arguments: A comparative study of French and Spanish. In P. Herbeck & N. Pomino (Eds.), *Linguistik Aktuell/Linguistics Today* (Vol. 291, pp. 334–367). John Benjamins Publishing Company." https://doi.org/10.1075/la.291.12hei,"@inbook{Heidinger_Troberg_2026, author={Heidinger, S. and Troberg, M.}, title={Spatial expressions with implicit (and overt) arguments: A comparative study of French and Spanish}, year={2026}, month={Feb}, place={Amsterdam}, volume={291}, ISBN={978-90-272-3389-9}, url={https://benjamins.com/catalog/la.291.12hei}, DOI={10.1075/la.291.12hei}, booktitle={Linguistik Aktuell/Linguistics Today}, publisher={John Benjamins Publishing Company}, editor={Herbeck, P. and Pomino, N.}, pages={334–367} }"
P08,talk,2024,"Herbeck, P. (2024). How perspective shapes first-person singular subject pronoun expression – Verbs of saying in two corpora of spoken Catalan. In *Pronouns in Catalan (and beyond)*. VI Jornades de Lingüística Catalana a Viena, University of Vienna.","@misc{Herbeck_2024, author={Herbeck, P.}, title={How perspective shapes first-person singular subject pronoun expression – Verbs of saying in two corpora of spoken Catalan}, year={2024}, eventtitle={VI Jornades de Lingüística Catalana a Viena}, venue={University of Vienna}, journal={Pronouns in Catalan (and beyond)} }"
P08,talk,2024,"Herbeck, P. (2024). *Subject expression and perspectivization with verbs of saying: A corpus study of spoken Catalan*. (Un)reality and evidentiality in language, cognition, society, University of Cyprus, Nicosia.","@misc{Herbeck_2024, author={Herbeck, P.}, title={Subject expression and perspectivization with verbs of saying: A corpus study of spoken Catalan}, year={2024}, eventtitle={(Un)reality and evidentiality in language, cognition, society}, venue={University of Cyprus, Nicosia} }"
P08,talk,2024,"Herbeck, P. (2024). *(yo) creo (que) in spoken Spanish: Discourse marker, subject+verb or something in between?*. Les marqueurs discursifs (dé)verbaux : approche comparée français/anglais/espagnol, Université de Picardie Jules Vernes, Amiens.","@misc{Herbeck_2024, author={Herbeck, P.}, title={(yo) creo (que) in spoken Spanish: Discourse marker, subject+verb or something in between?}, year={2024}, eventtitle={Les marqueurs discursifs (dé)verbaux : approche comparée français/anglais/espagnol}, venue={Université de Picardie Jules Vernes, Amiens} }"
P08,talk,2025,"Herbeck, P. (2025). *On mismatches between strong and emphatic pronouns. Pronoun + mismo ('same/self’) in Spanish*. RED 25, “Mismatches in Anaphoric Relations,” University of Graz.","@misc{Herbeck_2025, author={Herbeck, P.}, title={On mismatches between strong and emphatic pronouns. Pronoun + mismo ('same/self’) in Spanish}, year={2025}, eventtitle={RED 25, “Mismatches in Anaphoric Relations”}, venue={University of Graz} }"
P08,publication,2025,"Herbeck, P., Miglietta, A., & Remberger, E.-M. (2025). Speaker subject expression with verbs of cognition – think/believe in Italian and Spanish. *Borealis – An International Journal of Hispanic Linguistics*, *14*(2), 267–304." https://doi.org/10.7557/1.14.2.8284,"@article{Herbeck_Miglietta_Remberger_2025, author={Herbeck, P. and Miglietta, A. and Remberger, E.-M.}, title={Speaker subject expression with verbs of cognition – think/believe in Italian and Spanish}, year={2025}, month={Dec}, volume={14}, ISSN={1893-3211}, DOI={10.7557/1.14.2.8284}, number={2}, journal={Borealis – An International Journal of Hispanic Linguistics}, pages={267–304} }"
P08,talk,2025,"Herbeck, P., Miglietta, A., & Remberger, E.-M. (2025). The difference between SAYING and MAKING: fer/fare as a quotative marker in spoken Catalan and Italian. In *Workshop “Quotation Unbound – Bridging the Divide Across Quotation Types”*. DGfS 47, University of Mainz.","@misc{Herbeck_Miglietta_Remberger_2025, author={Herbeck, P. and Miglietta, A. and Remberger, E.-M.}, title={The difference between SAYING and MAKING: fer/fare as a quotative marker in spoken Catalan and Italian}, year={2025}, eventtitle={DGfS 47}, venue={University of Mainz}, journal={Workshop “Quotation Unbound – Bridging the Divide Across Quotation Types”} }"
P08,talk,2025,"Herbeck, P., & Pomino, N. (2025). Dative experiencers in infinitives – How subject-like are they? In *Workshop "El dativo: Un caso híbrido?"*. XXIV. Deutscher Hispaniktag, University of Hamburg.","@misc{Herbeck_Pomino_2025, author={Herbeck, P. and Pomino, N.}, title={Dative experiencers in infinitives – How subject-like are they?}, year={2025}, eventtitle={XXIV. Deutscher Hispaniktag}, venue={University of Hamburg}, journal={Workshop "El dativo: Un caso híbrido?"} }"
P08,publication,2025,"Herbeck, P., & Posio, P. (2025). Jo dic, digo yo: estudio comparativo de construcciones con el verbo “decir” en español y “dir” en catalán hablados. *Borealis – An International Journal of Hispanic Linguistics*, *14*(2), 211–238." https://doi.org/10.7557/1.14.2.8250,"@article{Herbeck_Posio_2025, author={Herbeck, P. and Posio, P.}, title={Jo dic, digo yo: estudio comparativo de construcciones con el verbo “decir” en español y “dir” en catalán hablados}, year={2025}, month={Dec}, volume={14}, ISSN={1893-3211}, DOI={10.7557/1.14.2.8250}, number={2}, journal={Borealis – An International Journal of Hispanic Linguistics}, pages={211–238} }"
P06,publication,2026,"Irina, B., & Kallulli, D. (2026). Deriving composite roles in syntax. *Proceedings of the Linguistic Society of America*, *11*(1), 6143.","@inproceedings{Irina_Kallulli_2026, author={Irina, B. and Kallulli, D.}, title={Deriving composite roles in syntax}, year={2026}, volume={11}, number={1}, booktitle={Proceedings of the Linguistic Society of America}, pages={6143} }"
P06,publication,2024,"Kallulli, D., & Roberts, I. (2024). Form Copy and wh-dependencies. In F. Silke, D. Georgi, F. Heck, J. Hein, A. Himmelreich, A. Murphy, & P. Weisser (Eds.), *Strict Cycling* (Vol. 97, pp. 271–286).","@inbook{Kallulli_Roberts_2024, author={Kallulli, D. and Roberts, I.}, title={Form Copy and wh-dependencies}, year={2024}, series={Linguistische Arbeitsberichte}, volume={97}, booktitle={Strict Cycling}, editor={Silke, F. and Georgi, D. and Heck, F. and Hein, J. and Himmelreich, A. and Murphy, A. and Weisser, P.}, pages={271–286}, collection={Linguistische Arbeitsberichte} }"
P06,publication,2025,"Kallulli, D., & Roberts, I. (2025). Defectivity and auxiliary syncretism: diachronic aspects. *Journal of Historical Syntax*, *9*.","@article{Kallulli_Roberts_2025, author={Kallulli, D. and Roberts, I.}, title={Defectivity and auxiliary syncretism: diachronic aspects}, year={2025}, volume={9}, journal={Journal of Historical Syntax} }"
P06,publication,2025,"Kallulli, D., & Roberts, I. (2025). Form Copy and A´-dependencies: Revisiting Resumption. *Catalan Journal of Linguistics*, *24*(2), 45–62.","@article{Kallulli_Roberts_2025, author={Kallulli, D. and Roberts, I.}, title={Form Copy and A´-dependencies: Revisiting Resumption}, year={2025}, volume={24}, number={2}, journal={Catalan Journal of Linguistics}, pages={45–62} }"
P06,publication,2025,"Kallulli, D., & Roberts, I. (2025). We thought and thought, and eventually solved this: One predicate modifies the other. In H. Kishimoto, K. Masashi, & X. Zicheng (Eds.), *Papers from the International Workshop on the Syntax of Predication and Modification 2024* (pp. 53–70).","@inproceedings{Kallulli_Roberts_2025, author={Kallulli, D. and Roberts, I.}, title={We thought and thought, and eventually solved this: One predicate modifies the other}, year={2025}, place={Kobe University}, booktitle={Papers from the International Workshop on the Syntax of Predication and Modification 2024}, editor={Kishimoto, H. and Masashi, K. and Zicheng, X.}, pages={53–70} }"
P06,publication,2026,"Kallulli, D., & Roberts, I. (2026). Refining the Borer-Chomsky Conjecture: Redundancy and Deficiency. *Catalan Journal of Linguistics*.","@article{Kallulli_Roberts_2026, author={Kallulli, D. and Roberts, I.}, title={Refining the Borer-Chomsky Conjecture: Redundancy and Deficiency}, year={2026}, journal={Catalan Journal of Linguistics} }"
P06,publication,To appear,"Kallulli, D., & Roberts, I. (To appear). The cartography of (non-active) voice: Insights from Albanian. In S. Wolfe (Ed.), *The Oxford Handbook of Syntactic Cartography*. Oxford University Press.","@inbook{Kallulli_Roberts_To appear, author={Kallulli, D. and Roberts, I.}, title={The cartography of (non-active) voice: Insights from Albanian}, year={To appear}, place={Oxford}, booktitle={The Oxford Handbook of Syntactic Cartography}, publisher={Oxford University Press}, editor={Wolfe, S.} }"
P05,talk,2025,"Kaur, G., Vinke, J., & Zeijlstra, H. (2025). *Two accounts of person-based honorifics?* [Poster]. Bielefeld Leiden Comparative Syntax Conference, Bielefeld.","@misc{Kaur_Vinke_Zeijlstra_2025, author={Kaur, G. and Vinke, J. and Zeijlstra, H.}, title={Two accounts of person-based honorifics?}, year={2025}, eventtitle={Bielefeld Leiden Comparative Syntax Conference}, venue={Bielefeld} }"
P03,talk,2024,"Keller, F. (2024). Resolving the Broken Plural Puzzle. In *Workshop “Current issues in syntax, semantics and pragmatics”*. ÖLT 48, Innsbruck.","@misc{Keller_2024, author={Keller, F.}, title={Resolving the Broken Plural Puzzle}, year={2024}, eventtitle={ÖLT 48}, venue={Innsbruck}, journal={Workshop “Current issues in syntax, semantics and pragmatics”} }"
P03,talk,2025,"Keller, F. (2025). Locality determines pattern selection. In *Workshop “Exploring variation: form-meaning interfaces across semitic varieties and beyond”*. Langues et langages à la croisée des disciplines 2, Lille.","@misc{Keller_2025, author={Keller, F.}, title={Locality determines pattern selection}, year={2025}, eventtitle={Langues et langages à la croisée des disciplines 2}, venue={Lille}, journal={Workshop “Exploring variation: form-meaning interfaces across semitic varieties and beyond”} }"
P03,talk,2026,"Keller, F. (2026). Allosemy and verb form II in Jordanian Arabic. In *Workshop “The New Arabic (Semitic) Lexicon II”*. SLE 59, Osnabrück.","@misc{Keller_2026, author={Keller, F.}, title={Allosemy and verb form II in Jordanian Arabic}, year={2026}, eventtitle={SLE 59}, venue={Osnabrück}, journal={Workshop “The New Arabic (Semitic) Lexicon II”} }"
P03,talk,2026,"Keller, F. (2026). *Fake resumptive pronouns in Jordanian Arabic relative clauses* [Poster]. ConSOLE 34, Pavia, Italy.","@misc{Keller_2026, author={Keller, F.}, title={Fake resumptive pronouns in Jordanian Arabic relative clauses}, year={2026}, eventtitle={ConSOLE 34}, venue={Pavia, Italy} }"
P03,talk,2026,"Keller, F. (2026). *How the middle form takes over the passive function - a comparison of Modern Greek and Jordanian Arabic*. Workshop “Affixation in Afroasiatic III", Princeton.","@misc{Keller_2026, author={Keller, F.}, title={How the middle form takes over the passive function - a comparison of Modern Greek and Jordanian Arabic}, year={2026}, eventtitle={Workshop “Affixation in Afroasiatic III"}, venue={Princeton} }"
P03,talk,2024,"Kobayashi, F. H. (2024). *Interpreting NPs as predicates of individual concepts* [Invited talk].","@misc{Kobayashi_2024, author={Kobayashi, F. H.}, title={Interpreting NPs as predicates of individual concepts}, year={2024}, venue={Leibniz-Zentrum Allgemeine Sprachwissenschaft} }"
P03,talk,2024,"Kobayashi, F. H. (2024). *Quantification uncovered* [Invited talk]. Meaning in Language colloquium, Heinrich Heine University Düsseldorf.","@misc{Kobayashi_2024, author={Kobayashi, F. H.}, title={Quantification uncovered}, year={2024}, eventtitle={Meaning in Language colloquium}, venue={Heinrich Heine University Düsseldorf} }"
P03,talk,2025,"Kobayashi, F. H. (2025). *Building individual concepts structurally*. Ontology As Structured by the Interfaces with Semantics 5.","@misc{Kobayashi_2025, author={Kobayashi, F. H.}, title={Building individual concepts structurally}, year={2025}, eventtitle={Ontology As Structured by the Interfaces with Semantics 5} }"
P03,talk,2025,"Kobayashi, F. H. (2025). *From NPs to predicates of individual concepts*. Semantics and Linguistic Theory (SALT) 35.","@misc{Kobayashi_2025, author={Kobayashi, F. H.}, title={From NPs to predicates of individual concepts}, year={2025}, eventtitle={Semantics and Linguistic Theory (SALT) 35} }"
P03,talk,2026,"Kobayashi, F. H. (2026). *Generalizing von Stechow’s problem* [Invited talk].","@misc{Kobayashi_2026, author={Kobayashi, F. H.}, title={Generalizing von Stechow’s problem}, year={2026}, venue={Georg-August University Göttingen} }"
P03,talk,2025,"Kobayashi, F. H., Gardner, C., Keller, F., Riedl, A., & Wurmbrand, S. (2025). *Fake indexicals in relative clauses: a new syntactic constraint* [Poster]. 56th North East Linguistic Society Annual Meeting (NELS 56), New York.","@misc{Kobayashi_Gardner_Keller_Riedl_Wurmbrand_2025, author={Kobayashi, F. H. and Gardner, C. and Keller, F. and Riedl, A. and Wurmbrand, S.}, title={Fake indexicals in relative clauses: a new syntactic constraint}, year={2025}, eventtitle={56th North East Linguistic Society Annual Meeting (NELS 56)}, venue={New York} }"
P03,publication,2026,"Kovač, I., Shannon, B., & Wurmbrand, S. (2026). Restructuring: lexical, functional, radical. In I. Paul & L. Travis (Eds.), *Exploring Voice Restructuring in Austronesian languages*. Language Science Press.","@inbook{Kovač_Shannon_Wurmbrand_2026, author={Kovač, I. and Shannon, B. and Wurmbrand, S.}, title={Restructuring: lexical, functional, radical}, year={2026}, place={Berlin}, series={Open Generative Syntax}, booktitle={Exploring Voice Restructuring in Austronesian languages}, publisher={Language Science Press}, editor={Paul, I. and Travis, L.}, collection={Open Generative Syntax} }"
P02,talk,2025,"Kučerová, I., & Onea, E. (2025). *NP2 Copular Agreement in Czech Presentational Contexts*.","@misc{Kučerová_Onea_2025, author={Kučerová, I. and Onea, E.}, title={NP2 Copular Agreement in Czech Presentational Contexts}, year={2025}, venue={Verona} }"
P02,talk,2025,"Kučerová, I., & Onea, E. (2025). *NP2 Copular Agreement in Presentational Contexts*. Olomouc Linguistics Colloquium 2025, Palacký University Olomouc.","@misc{Kučerová_Onea_2025, author={Kučerová, I. and Onea, E.}, title={NP2 Copular Agreement in Presentational Contexts}, year={2025}, eventtitle={Olomouc Linguistics Colloquium 2025}, venue={Palacký University Olomouc} }"
P02,talk,2025,"Kučerová, I., & Onea, E. (2025). *NP2 Copular Agreement Revisited: Evidence from Presentational Contexts*. Leiden/Bielefeld Workshop on Comparative Syntax, University of Bielefeld.","@misc{Kučerová_Onea_2025, author={Kučerová, I. and Onea, E.}, title={NP2 Copular Agreement Revisited: Evidence from Presentational Contexts}, year={2025}, eventtitle={Leiden/Bielefeld Workshop on Comparative Syntax}, venue={University of Bielefeld} }"
P02,publication,2025,"Kučerová, I., & Onea, E. (2025). The Unbearable Simplicity of Being Something. *Proceedings of Sinn Und Bedeutung 30 (SuB 30)*.","@inproceedings{Kučerová_Onea_2025, author={Kučerová, I. and Onea, E.}, title={The Unbearable Simplicity of Being Something}, year={2025}, booktitle={Proceedings of Sinn und Bedeutung 30 (SuB 30)} }"
P02,talk,2025,"Kučerová, I., & Onea, E. (2025). *What Is There to Agree With? Evidence from Presentational Copular Clauses*. Referential Structure in Communication: International Conference on Language and Communication, University of Graz.","@misc{Kučerová_Onea_2025, author={Kučerová, I. and Onea, E.}, title={What Is There to Agree With? Evidence from Presentational Copular Clauses}, year={2025}, eventtitle={Referential Structure in Communication: International Conference on Language and Communication}, venue={University of Graz} }"
P02,publication,2026,"Kučerová, I., & Onea, E. (2026). *NP2 copular agreement in Czech presentational contexts*. Department of Linguistics, Graduate School of Humanities, Kobe University." https://doi.org/10.24546/0100501355,"@article{Kučerová_Onea_2026, author={Kučerová, I. and Onea, E.}, title={NP2 copular agreement in Czech presentational contexts}, year={2026}, month={Feb}, url={https://doi.org/10.24546/0100501355}, DOI={10.24546/0100501355}, publisher={Department of Linguistics, Graduate School of Humanities, Kobe University} }"
P02,talk,2026,"Kučerová, I., & Onea, E. (2026). *This Topic Is Not That Topic*. Exceptions in Anaphoric Processing, Brașov.","@misc{Kučerová_Onea_2026, author={Kučerová, I. and Onea, E.}, title={This Topic Is Not That Topic}, year={2026}, eventtitle={Exceptions in Anaphoric Processing}, venue={Brașov} }"
P02,talk,2026,"Kučerová, I., & Onea, E. (2026). *Topic Pronouns in Czech: Argument Drop in Disguise*. Formal Approaches to Slavic Linguistics 35, University of California, Santa Cruz.","@misc{Kučerová_Onea_2026, author={Kučerová, I. and Onea, E.}, title={Topic Pronouns in Czech: Argument Drop in Disguise}, year={2026}, eventtitle={Formal Approaches to Slavic Linguistics 35}, venue={University of California, Santa Cruz} }"
P02,publication,2026,"Kučerová, I., & Onea, E. (2026). What is there to agree with? Evidence from presentational copular clauses. *Proceedings of the Conference Referential Expressions in Discourse (RED) 2025*.","@inproceedings{Kučerová_Onea_2026, author={Kučerová, I. and Onea, E.}, title={What is there to agree with? Evidence from presentational copular clauses}, year={2026}, booktitle={Proceedings of the conference Referential Expressions in Discourse (RED) 2025} }"
P06,publication,2025,"Levina, E. (2025). Clitic doubling in Rioplatense Spanish. *Proceedings of the Conference Referential Expressions in Discourse (RED) 2025*.","@inproceedings{Levina_2025, author={Levina, E.}, title={Clitic doubling in Rioplatense Spanish}, year={2025}, booktitle={Proceedings of the conference Referential Expressions in Discourse (RED) 2025} }"
P06,publication,2025,"Levina, E. (2025). One account for three kinds of non-unique definites. *Proceedings of CLS 60*, 297–308.","@inproceedings{Levina_2025, author={Levina, E.}, title={One account for three kinds of non-unique definites}, year={2025}, booktitle={Proceedings of CLS 60}, pages={297–308} }"
P06,publication,2025,"Levina, E. (2025). Set-anchored anaphora in Rioplatense Spanish: Direct object clitic doubling. *Proceedings of SALT 35*, 221–242.","@inproceedings{Levina_2025, author={Levina, E.}, title={Set-anchored anaphora in Rioplatense Spanish: Direct object clitic doubling}, year={2025}, booktitle={Proceedings of SALT 35}, pages={221–242} }"
P06,publication,2026,"Levina, E. (2026). Differential object marking in Spanish. Does affectedness really matter? *Proceedings of the International Argument Alternation Workshop 2025*, 67–76.","@inproceedings{Levina_2026, author={Levina, E.}, title={Differential object marking in Spanish. Does affectedness really matter?}, year={2026}, place={Kobe University}, booktitle={Proceedings of the international argument alternation workshop 2025}, pages={67–76} }"
P06,publication,To appear,"Levina, E., & Adolf, P. (To appear). Verb classification and accusative external possession in German. In W. Alexander, M. Gillmann, & D. Höllein (Eds.), *Verb classification*. Mouton de Gruyter.","@inbook{Levina_Adolf_To appear, author={Levina, E. and Adolf, P.}, title={Verb classification and accusative external possession in German}, year={To appear}, place={Berlin}, booktitle={Verb classification}, publisher={Mouton de Gruyter}, editor={Alexander, W. and Gillmann, M. and Höllein, D.} }"
P10,talk,2025,"Loitzl, M. (2025). *Complex Temporal Modifiers in German* [Poster]. Redefi Days, Salzburg.","@misc{Loitzl_2025, author={Loitzl, M.}, title={Complex Temporal Modifiers in German}, year={2025}, eventtitle={Redefi Days}, venue={Salzburg} }"
P10,talk,2025,"Loitzl, M. (2025). *Is früher an indexical?*. Redefi Days.","@misc{Loitzl_2025, author={Loitzl, M.}, title={Is früher an indexical?}, year={2025}, eventtitle={Redefi Days} }"
P10,talk,2025,"Loitzl, M. (2025). *The issue of classifying German ‘früher’*. 77. StuTS, Leipzig.","@misc{Loitzl_2025, author={Loitzl, M.}, title={The issue of classifying German ‘früher’}, year={2025}, eventtitle={77. StuTS}, venue={Leipzig} }"
P06,publication,2025,"López Otero, J. C., & Bleotu, A. C. (2025). Divergence and avoidance in the production of DOM in Romanian and Spanish among Romanian-speaking L2 speakers of Spanish. *Glossa: A Journal of General Linguistics*, *10*(1)." https://doi.org/10.16995/glossa.16581,"@article{López Otero_Bleotu_2025, author={López Otero, J. C. and Bleotu, A. C.}, title={Divergence and avoidance in the production of DOM in Romanian and Spanish among Romanian-speaking L2 speakers of Spanish}, year={2025}, month={Mar}, volume={10}, ISSN={2397-1835}, url={https://www.glossa-journal.org/article/id/16581/}, DOI={10.16995/glossa.16581}, number={1}, journal={Glossa: a journal of general linguistics} }"
P07,publication,2024,"Losavio, M. (2024). The use of the nominative pronoun EU in object position in spoken Brazilian Portuguese. *Energeia*, *IX*, 238–270.","@article{Losavio_2024, author={Losavio, M.}, title={The use of the nominative pronoun EU in object position in spoken Brazilian Portuguese}, year={2024}, volume={IX}, journal={Energeia}, pages={238–270} }"
P07,talk,2025,"Losavio, M. (2025). *Concordando em discordar - Ponde em questão as abordagens atuais do fenômeno da desconcordância em português*. 16. Lusitanistentag, LMU München.","@misc{Losavio_2025, author={Losavio, M.}, title={Concordando em discordar - Ponde em questão as abordagens atuais do fenômeno da desconcordância em português}, year={2025}, eventtitle={16. Lusitanistentag}, venue={LMU München} }"
P07,talk,2025,"Losavio, M. (2025). *‘Não esqueça eu’ - Nominative eu in object position in spoken Brazilian Portuguese is a case of reanalysis* [Poster]. Congresso internazionale di linguistica e di filologia romanza, Uni Salento, Lecce, Italy.","@misc{Losavio_2025, author={Losavio, M.}, title={‘Não esqueça eu’ - Nominative eu in object position in spoken Brazilian Portuguese is a case of reanalysis}, year={2025}, eventtitle={Congresso internazionale di linguistica e di filologia romanza}, venue={Uni Salento, Lecce, Italy} }"
P07,talk,2026,"Losavio, M. (2026). *To me or not to me - o redobro de clíticos no português mineiro revisitado* [Invited talk]. Encontros diálogos em variação linguística, Universidade Federal de Minas Gerais, Belo Horizonte, Brazil.","@misc{Losavio_2026, author={Losavio, M.}, title={To me or not to me - o redobro de clíticos no português mineiro revisitado}, year={2026}, eventtitle={Encontros diálogos em variação linguística}, venue={Universidade Federal de Minas Gerais, Belo Horizonte, Brazil} }"
P07,talk,2025,"Losavio, M., Adolf, P., & Wall, A. (2025). *Clitic Doubling in non-standard Brazilian Portuguese does not encode specificity but overt case and illocutionary force: evidence from agreement mismatches* [Poster]. Referential Expressions in Discourse 2025: Mismatches in Anaphoric Relations, University of Graz.","@misc{Losavio_Adolf_Wall_2025, author={Losavio, M. and Adolf, P. and Wall, A.}, title={Clitic Doubling in non-standard Brazilian Portuguese does not encode specificity but overt case and illocutionary force: evidence from agreement mismatches}, year={2025}, eventtitle={Referential Expressions in Discourse 2025: Mismatches in Anaphoric Relations}, venue={University of Graz} }"
P07,talk,2025,"Losavio, M., Adolf, P., & Wall, A. (2025). *O português são dois”? Uma experiência de aceitabilidade sobre objetos nulos em português europeu e brasileiro* [Invited talk]. Workshop on Missing Arguments, Universidade do Minho, Portugal.","@misc{Losavio_Adolf_Wall_2025, author={Losavio, M. and Adolf, P. and Wall, A.}, title={O português são dois”? Uma experiência de aceitabilidade sobre objetos nulos em português europeu e brasileiro}, year={2025}, eventtitle={Workshop on Missing Arguments}, venue={Universidade do Minho, Portugal} }"
P07,talk,2025,"Losavio, M., Adolf, P., & Wall, A. (2025). *Syntactic Constraints on Null Objects in Spanish and Portuguese Varieties: Three Experimental Studies* [Poster].","@misc{Losavio_Adolf_Wall_2025, author={Losavio, M. and Adolf, P. and Wall, A.}, title={Syntactic Constraints on Null Objects in Spanish and Portuguese Varieties: Three Experimental Studies}, year={2025}, venue={Palma, Spain} }"
P08,talk,2025,"Miglietta, A., & Remberger, E.-M. (2025). From taste perception to flavors of epistemicity: Italian mi sa. In *Workshop “The Syntax and Semantics of Perception”*. SLE 58, University of Bordeaux.","@misc{Miglietta_Remberger_2025, author={Miglietta, A. and Remberger, E.-M.}, title={From taste perception to flavors of epistemicity: Italian mi sa}, year={2025}, eventtitle={SLE 58}, venue={University of Bordeaux}, journal={Workshop “The Syntax and Semantics of Perception”} }"
P08,talk,2025,"Miglietta, A., & Remberger, E.-M. (2025). *Italian mi sa (che): Still a question of taste?*. CIDSM 19, University of Chieti-Pescara.","@misc{Miglietta_Remberger_2025, author={Miglietta, A. and Remberger, E.-M.}, title={Italian mi sa (che): Still a question of taste?}, year={2025}, eventtitle={CIDSM 19}, venue={University of Chieti-Pescara} }"
P08,publication,2026,"Miglietta, A., & Remberger, E.-M. (2026). The Pathway from Taste to Epistemic Flavors: Modal Semantics of Italian mi sa. *Languages*, *11*(3), 54." https://doi.org/10.3390/languages11030054,"@article{Miglietta_Remberger_2026, author={Miglietta, A. and Remberger, E.-M.}, title={The Pathway from Taste to Epistemic Flavors: Modal Semantics of Italian mi sa}, year={2026}, month={Mar}, volume={11}, ISSN={2226-471X}, DOI={10.3390/languages11030054}, number={3}, journal={Languages}, pages={54} }"
P05,talk,2024,"Milosavljević, A. (2024). *How many ‘selves’ are there in the adnominal domain? The case of BCMS* [Invited talk]. Linguistisches Kolloquium, University of Graz.","@misc{A. Milosavljević_2024, author={Milosavljević, A.}, title={How many ‘selves’ are there in the adnominal domain? The case of BCMS}, year={2024}, eventtitle={Linguistisches Kolloquium}, venue={University of Graz} }"
P05,talk,2024,"Milosavljević, A., & Milosavljević, S. (2024). *The expletive-like pronoun to ‘that’ in Serbo-Croatian as a Topic Situation correlative pronoun* [Poster]. Syntax, Phonology and Language Analysis 17 (SinFonIJA 17), University of Nova Gorica.","@misc{A. Milosavljević_Milosavljević_2024, author={Milosavljević, A. and Milosavljević, S.}, title={The expletive-like pronoun to ‘that’ in Serbo-Croatian as a Topic Situation correlative pronoun}, year={2024}, eventtitle={Syntax, Phonology and Language Analysis 17 (SinFonIJA 17)}, venue={University of Nova Gorica} }"
P05,publication,2026,"Milosavljević, S., & Milosavljević, A. (2026). The expletive-like pronoun to ‘that’ in Serbo-Croatian as a topic-situation correlative pronoun. *Linguistics*." https://doi.org/10.1515/ling-2024-0197,"@article{S. Milosavljević_Milosavljević_2026, author={Milosavljević, S. and Milosavljević, A.}, title={The expletive-like pronoun to ‘that’ in Serbo-Croatian as a topic-situation correlative pronoun}, year={2026}, month={June}, ISSN={0024-3949, 1613-396X}, url={https://www.degruyterbrill.com/document/doi/10.1515/ling-2024-0197/html}, DOI={10.1515/ling-2024-0197}, journal={Linguistics} }"
P02,talk,2025,"Onea, E. (2025). *What You Are Presented With Is Not What You Predicate Over*. 2nd International Workshop on the Syntax of Predication and Modification, HUN-REN Hungarian Research Centre for Linguistics, Budapest.","@misc{Onea_2025, author={Onea, E.}, title={What You Are Presented With Is Not What You Predicate Over}, year={2025}, eventtitle={2nd International Workshop on the Syntax of Predication and Modification}, venue={HUN-REN Hungarian Research Centre for Linguistics, Budapest} }"
P02,talk,2026,"Onea, E. (2026). *A Static Semantics for Gender and Anaphora* [Invited talk]. Semantics Colloquium, Goethe University Frankfurt.","@misc{Onea_2026, author={Onea, E.}, title={A Static Semantics for Gender and Anaphora}, year={2026}, eventtitle={Semantics Colloquium}, venue={Goethe University Frankfurt} }"
P02,talk,2026,"Onea, E. (2026). *Being IT: Topics, Binding, Classification, and Copular Clefts* [Invited talk].","@misc{Onea_2026, author={Onea, E.}, title={Being IT: Topics, Binding, Classification, and Copular Clefts}, year={2026}, venue={University of Stuttgart} }"
P02,talk,2026,"Onea, E. (2026). *Introducing Locus Semantics* [Invited talk]. Morpho-Syntax-Semantics Colloquium, University of Potsdam.","@misc{Onea_2026, author={Onea, E.}, title={Introducing Locus Semantics}, year={2026}, eventtitle={Morpho-Syntax-Semantics Colloquium}, venue={University of Potsdam} }"
P02,talk,2026,"Onea, E. (2026). *Locus Semantics: A New Framework for Discourse Referent Management* [Invited talk]. Department Colloquium, University of Konstanz.","@misc{Onea_2026, author={Onea, E.}, title={Locus Semantics: A New Framework for Discourse Referent Management}, year={2026}, eventtitle={Department Colloquium}, venue={University of Konstanz} }"
P02,talk,2026,"Onea, E. (2026). *Locus Semantics: What We Learn from Sign Language for the Architecture of Meaning* [Invited talk]. Linguistics Colloquium.","@misc{Onea_2026, author={Onea, E.}, title={Locus Semantics: What We Learn from Sign Language for the Architecture of Meaning}, year={2026}, eventtitle={Linguistics Colloquium} }"
P02,talk,2025,"Onea, E., & Dampfhofer, S. (2025). *Shift Happens – When and Why Anaphoric Pronouns Prefer Shifted Gender* [Poster]. RED 2025: Mismatches in Anaphoric Relations, University of Graz.","@misc{Onea_Dampfhofer_2025, author={Onea, E. and Dampfhofer, S.}, title={Shift Happens – When and Why Anaphoric Pronouns Prefer Shifted Gender}, year={2025}, eventtitle={RED 2025: Mismatches in Anaphoric Relations}, venue={University of Graz} }"
P03,publication,2025,"Onea, E., Kobayashi, F. H., & Wurmbrand, S. (2025). No. *Italian Journal of Linguistics*, *37*(1), 119–130.","@article{Onea_Kobayashi_Wurmbrand_2025, author={Onea, E. and Kobayashi, F. H. and Wurmbrand, S.}, title={No}, year={2025}, volume={37}, ISSN={1120-2726}, number={1}, journal={Italian Journal of Linguistics}, publisher={Pacini Editore SpA}, pages={119–130} }"
P02,talk,2025,"Onea, E., & Kučerová, I. (2025). *The Unbearable Simplicity of Being Something* [Poster]. Sinn und Bedeutung 30, Goethe University Frankfurt.","@misc{Onea_Kučerová_2025, author={Onea, E. and Kučerová, I.}, title={The Unbearable Simplicity of Being Something}, year={2025}, eventtitle={Sinn und Bedeutung 30}, venue={Goethe University Frankfurt} }"
P02/P10,publication,To appear,"Onea, E., Loitzl, M., & Riedl, A. (To appear). Gender shift in pronominal anaphors in German. *Linguistische Berichte*, *281*.","@article{Onea_Loitzl_Riedl_To appear, author={Onea, E. and Loitzl, M. and Riedl, A.}, title={Gender shift in pronominal anaphors in German}, year={To appear}, volume={281}, journal={Linguistische Berichte} }"
P02,publication,To appear,"Onea, E., Melker, S., & Vinke, J. (To appear). The history of personal pronouns in Germanic languages. In R. Gergel & A. van Kemenade (Eds.), *The Grammatical History of the Germanic Languages Comparative and Diachronic Aspects*. Mouton de Gruyter.","@inbook{Onea_Melker_Vinke_To appear, author={Onea, E. and Melker, S. and Vinke, J.}, title={The history of personal pronouns in Germanic languages}, year={To appear}, booktitle={The Grammatical History of the Germanic Languages Comparative and Diachronic Aspects}, publisher={Mouton de Gruyter}, editor={Gergel, R. and van Kemenade, A.} }"
P08,talk,2026,"Planas-Villalba, I., & Remberger, E.-M. (2026). *El marcador de discurso deverbal „I think“ en castellano, italiano y catalán: Una visión comparativa*. LIV Simposio de la Sociedad Española de Lingüística, CSIC, Centro de Ciencias Humanas y Sociales, Madrid.","@misc{Planas-Villalba_Remberger_2026, author={Planas-Villalba, I. and Remberger, E.-M.}, title={El marcador de discurso deverbal „I think“ en castellano, italiano y catalán: Una visión comparativa}, year={2026}, eventtitle={LIV Simposio de la Sociedad Española de Lingüística}, venue={CSIC, Centro de Ciencias Humanas y Sociales, Madrid} }"
P08,talk,2026,"Planas-Villalba, I., & Remberger, E.-M. (2026). *El marcador discursiu deverbal „I think“ en català, italià i castellà: una visió comparativa*. ROLLING Seminars, Universitat Rovira i Virgili, Tarragona.","@misc{Planas-Villalba_Remberger_2026, author={Planas-Villalba, I. and Remberger, E.-M.}, title={El marcador discursiu deverbal „I think“ en català, italià i castellà: una visió comparativa}, year={2026}, eventtitle={ROLLING Seminars}, venue={Universitat Rovira i Virgili, Tarragona} }"
P08,talk,2026,"Planas-Villalba, I., & Remberger, E.-M. (2026). *The deverbal discourse marker ‘I think’ in Catalan, Italian and Spanish: a comparative overview*. GLiF Seminars, Universitat Pompeu Fabra, Barcelona.","@misc{Planas-Villalba_Remberger_2026, author={Planas-Villalba, I. and Remberger, E.-M.}, title={The deverbal discourse marker ‘I think’ in Catalan, Italian and Spanish: a comparative overview}, year={2026}, eventtitle={GLiF Seminars}, venue={Universitat Pompeu Fabra, Barcelona} }"
P08,talk,2026,"Planas-Villalba, I., & Remberger, E.-M. (2026). *The pragmaticalization of the sequence pronoun + verb*. VII Jornades de Lingüística Catalana a Viena, University of Vienna.","@misc{Planas-Villalba_Remberger_2026, author={Planas-Villalba, I. and Remberger, E.-M.}, title={The pragmaticalization of the sequence pronoun + verb}, year={2026}, eventtitle={VII Jornades de Lingüística Catalana a Viena}, venue={University of Vienna} }"
P08,talk,2024,"Remberger, E.-M. (2024). From verbal form to discourse marker: Distributed Morphology and grammaticalization. In *Historical morphology and morphological theory* [Poster]. IMM 21, Vienna.","@misc{Remberger_2024, author={Remberger, E.-M.}, title={From verbal form to discourse marker: Distributed Morphology and grammaticalization}, year={2024}, eventtitle={IMM 21}, venue={Vienna}, journal={Historical morphology and morphological theory} }"
P08,talk,2025,"Remberger, E.-M. (2025). *From verbal form to discourse marker. A Distributes Morphology Approach*. DM meets Nano, University of Vienna.","@misc{Remberger_2025, author={Remberger, E.-M.}, title={From verbal form to discourse marker. A Distributes Morphology Approach}, year={2025}, eventtitle={DM meets Nano}, venue={University of Vienna} }"
P08,talk,2025,"Remberger, E.-M. (2025). The role of the 1SG dative clitic in epistemic expressions derived from verbs in Italian. In *Workshop “Current Issues in Syntax, Semantics and Pragmatics”*. ÖLT 49, University of Klagenfurt.","@misc{Remberger_2025, author={Remberger, E.-M.}, title={The role of the 1SG dative clitic in epistemic expressions derived from verbs in Italian}, year={2025}, eventtitle={ÖLT 49}, venue={University of Klagenfurt}, journal={Workshop “Current Issues in Syntax, Semantics and Pragmatics”} }"
P08,talk,2026,"Remberger, E.-M. (2026). *Italian mi sa - an answer to a question under discussion* [Invited talk]. Seminari di linguistica, University of Padova.","@misc{Remberger_2026, author={Remberger, E.-M.}, title={Italian mi sa - an answer to a question under discussion}, year={2026}, eventtitle={Seminari di linguistica}, venue={University of Padova} }"
P08,publication,2026,"Remberger, E.-M., & Herbeck, P. (2026). The difference between SAYING and MAKING: fer/fare as a quotative verb in Catalan and Italian. In P. Hofmann & N. Raue (Eds.), *Quotation unbound — Bridging the divide across quotation types* (pp. 152–181).","@inbook{Remberger_Herbeck_2026, author={Remberger, E.-M. and Herbeck, P.}, title={The difference between SAYING and MAKING: fer/fare as a quotative verb in Catalan and Italian}, year={2026}, series={Special Number of SKASE Journal of Theoretical Linguistics}, booktitle={Quotation unbound — Bridging the divide across quotation types}, editor={Hofmann, P. and Raue, N.}, pages={152–181}, collection={Special Number of SKASE Journal of Theoretical Linguistics} }"
P03,talk,2026,"Riedl, A. (2026). Restrictions on Slovenian clitic-stranding ellipsis. In *Workshop “Cliticization in Slavic and beyond”*. SinFonIJA 19, Graz.","@misc{Riedl_2026, author={Riedl, A.}, title={Restrictions on Slovenian clitic-stranding ellipsis.}, year={2026}, eventtitle={SinFonIJA 19}, venue={Graz}, journal={Workshop “Cliticization in Slavic and beyond”} }"
P10,talk,2025,"Schindler, J. (2025). *Deriving the Full-frame effect.*. 78. StuTS, Stuttgart.","@misc{Schindler_2025, author={Schindler, J.}, title={Deriving the Full-frame effect.}, year={2025}, eventtitle={78. StuTS}, venue={Stuttgart} }"
P09,talk,2025,"Schwarzenberger, A., Da Cunha, Y., & Heidinger, S. (2025). *French Strong Pronouns, Animacy and Competition: Corpus Data on Three Competition Triggers* [Poster]. Salzburg Redefi Days, Salzburg.","@misc{Schwarzenberger_Da Cunha_Heidinger_2025, author={Schwarzenberger, A. and Da Cunha, Y. and Heidinger, S.}, title={French Strong Pronouns, Animacy and Competition: Corpus Data on Three Competition Triggers}, year={2025}, month={July}, eventtitle={Salzburg Redefi Days}, venue={Salzburg} }"
P03,talk,2025,"Shannon, B., Kovač, I., & Wurmbrand, S. (2025). Argument sharing as a syntactic dependency. In *Workshop “Verbal complex predicates in a theoretical and cross-linguistic perspective”*. DGfS, Mainz.","@misc{Shannon_Kovač_Wurmbrand_2025, author={Shannon, B. and Kovač, I. and Wurmbrand, S.}, title={Argument sharing as a syntactic dependency}, year={2025}, eventtitle={DGfS}, venue={Mainz}, journal={Workshop “Verbal complex predicates in a theoretical and cross-linguistic perspective”} }"
P05,talk,2025,"Vinke, J. (2025). *Towards an interface-theory of Binding (and related phenomena)* [Poster]. Salzburg ReDeFi Days, Salzburg.","@misc{Vinke_2025, author={Vinke, J.}, title={Towards an interface-theory of Binding (and related phenomena)}, year={2025}, eventtitle={Salzburg ReDeFi Days}, venue={Salzburg} }"
P05,talk,2026,"Vinke, J. (2026). *Diagnosing intensifiers in Dutch* [Poster]. TABU 46, Groningen.","@misc{Vinke_2026, author={Vinke, J.}, title={Diagnosing intensifiers in Dutch}, year={2026}, eventtitle={TABU 46}, venue={Groningen} }"
P05,talk,2026,"Vinke, J. (2026). *Modelling intensifiers and reflexives* [Invited talk]. Linguistisches Kolloquium, University of Graz.","@misc{Vinke_2026, author={Vinke, J.}, title={Modelling intensifiers and reflexives}, year={2026}, eventtitle={Linguistisches Kolloquium}, venue={University of Graz} }"
P05,talk,2026,"Vinke, J. (2026). *Towards a typology of intensifiers and reflexives*. Berlin-Brno-Vienna Workshop 4, Brno.","@misc{Vinke_2026, author={Vinke, J.}, title={Towards a typology of intensifiers and reflexives}, year={2026}, eventtitle={Berlin-Brno-Vienna Workshop 4}, venue={Brno} }"
P07,talk,2025,"Wall, A. (2025). *¿Qué pueden enseñarnos los “hallazgos contradictorios” en los estudios sobre la marcación diferencial de objeto?*. Deutscher Hispanistentag XXIV, Uni Hamburg.","@misc{Wall_2025, author={Wall, A.}, title={¿Qué pueden enseñarnos los “hallazgos contradictorios” en los estudios sobre la marcación diferencial de objeto?}, year={2025}, eventtitle={Deutscher Hispanistentag XXIV}, venue={Uni Hamburg} }"
P07,publication,2025,"Wall, A., Zeugin, S., Obrist, P., Kabatek, J., & Santos Rebelo, P. (2025). Differential Marking of inanimate direct objects across four varieties of Spanish: Evidence for grammatical differences from elicitation experiments. *Glossa: A Journal of General Linguistics*, *10*(1)." https://doi.org/10.16995/glossa.17201,"@article{Wall_Zeugin_Obrist_Kabatek_Santos Rebelo_2025, author={Wall, A. and Zeugin, S. and Obrist, P. and Kabatek, J. and Santos Rebelo, P.}, title={Differential Marking of inanimate direct objects across four varieties of Spanish: Evidence for grammatical differences from elicitation experiments}, year={2025}, month={July}, volume={10}, ISSN={2397-1835}, url={https://www.glossa-journal.org/article/id/17201/}, DOI={10.16995/glossa.17201}, number={1}, journal={Glossa: a journal of general linguistics} }"
P07,publication,2025,"Wall, A., Zeugin, S., Obrist, P., Rebelo, P. S., & Kabatek, J. (2025). Prominence scales and variation in differential object marking: experimental evidence from Ibero-Romance. *Probus*, *37*(1), 115–161." https://doi.org/10.1515/probus-2024-0006,"@article{Wall_Zeugin_Obrist_Rebelo_Kabatek_2025, author={Wall, A. and Zeugin, S. and Obrist, P. and Rebelo, P. S. and Kabatek, J.}, title={Prominence scales and variation in differential object marking: experimental evidence from Ibero-Romance}, year={2025}, month={May}, volume={37}, ISSN={0921-4771, 1613-4079}, DOI={10.1515/probus-2024-0006}, number={1}, journal={Probus}, pages={115–161} }"
P03,talk,2024,"Wurmbrand, S. (2024). *A syntactic approach to tense in complementation and beyond* [Invited talk]. Fourth International Conference on Adverbial Clauses: Adverbial Clauses in Argument Positions, Berlin.","@misc{Wurmbrand_2024, author={Wurmbrand, S.}, title={A syntactic approach to tense in complementation and beyond}, year={2024}, eventtitle={Fourth International Conference on Adverbial Clauses: Adverbial Clauses in Argument Positions}, venue={Berlin} }"
P03,talk,2024,"Wurmbrand, S. (2024). *Commentator on the panel Theoretical approaches to variation* [Invited talk]. Workshop on Comparative Syntax, Leiden/Bielefeld.","@misc{Wurmbrand_2024, author={Wurmbrand, S.}, title={Commentator on the panel Theoretical approaches to variation}, year={2024}, eventtitle={Workshop on Comparative Syntax}, venue={Leiden/Bielefeld} }"
P03,talk,2024,"Wurmbrand, S. (2024). *Interspersing A- and A′-movement: First A, then A′* [Invited talk]. Locality and the argument/adjunct distinction: Structure-building vs. structure-enrichment, Göttingen.","@misc{Wurmbrand_2024, author={Wurmbrand, S.}, title={Interspersing A- and A′-movement: First A, then A′}, year={2024}, eventtitle={Locality and the argument/adjunct distinction: Structure-building vs. structure-enrichment}, venue={Göttingen} }"
P03,publication,2024,"Wurmbrand, S. (2024). The size of clausal complements. *Annual Review of Linguistics*, *10*, 59–83.","@article{Wurmbrand_2024, author={Wurmbrand, S.}, title={The size of clausal complements}, year={2024}, volume={10}, journal={Annual Review of Linguistics}, pages={59–83} }"
P03,talk,2025,"Wurmbrand, S. (2025). *A syntactic model of Tense and Aspect—a case study of English* [Invited talk]. Colloquium, Hungarian Research Center for Linguistics, Budapest.","@misc{Wurmbrand_2025, author={Wurmbrand, S.}, title={A syntactic model of Tense and Aspect—a case study of English}, year={2025}, eventtitle={Colloquium}, venue={Hungarian Research Center for Linguistics, Budapest} }"
P03,talk,2025,"Wurmbrand, S. (2025). *Finite and non-finite tense dependencies—from syntax to the interfaces* [Invited talk]. Colloquium, Potsdam University.","@misc{Wurmbrand_2025, author={Wurmbrand, S.}, title={Finite and non-finite tense dependencies—from syntax to the interfaces}, year={2025}, eventtitle={Colloquium}, venue={Potsdam University} }"
P03,talk,2025,"Wurmbrand, S. (2025). *Syntax as a function—a Redundancy and Deficiency approach to Grammar within linguistic behavior* [Plenary talk]. Generative Linguistics in Poland 2025, Polish Academy of Sciences, Warsaw.","@misc{Wurmbrand_2025, author={Wurmbrand, S.}, title={Syntax as a function—a Redundancy and Deficiency approach to Grammar within linguistic behavior}, year={2025}, eventtitle={Generative Linguistics in Poland 2025}, venue={Polish Academy of Sciences, Warsaw} }"
P03,talk,2025,"Wurmbrand, S. (2025). *The mapping of syntax to PF and LF—A redundancy and deficiency approach: Syntactic model of Tense and Aspect* [Keynote lecture]. SICOGG 27, Seoul.","@misc{Wurmbrand_2025, author={Wurmbrand, S.}, title={The mapping of syntax to PF and LF—A redundancy and deficiency approach: Syntactic model of Tense and Aspect}, year={2025}, eventtitle={SICOGG 27}, venue={Seoul} }"
P03,talk,2026,"Wurmbrand, S. (2026). *PF and LF—The mapping Syntax to Phonology and Semantics as functions* [Plenary talk]. Incontro di Grammatica Generativa (IGG51), Udine, Italy.","@misc{Wurmbrand_2026, author={Wurmbrand, S.}, title={PF and LF—The mapping Syntax to Phonology and Semantics as functions}, year={2026}, eventtitle={Incontro di Grammatica Generativa (IGG51)}, venue={Udine, Italy} }"
P03,talk,2026,"Wurmbrand, S. (2026). *tense TENSE TENSE: morphological, SYNTACTIC, and SEMANTIC aspects of Tense* [Invited talk]. 15th Workshop on Formal Linguistics, Minas Gerais, Brasil (online).","@misc{Wurmbrand_2026, author={Wurmbrand, S.}, title={tense TENSE TENSE: morphological, SYNTACTIC, and SEMANTIC aspects of Tense}, year={2026}, eventtitle={15th Workshop on Formal Linguistics}, venue={Minas Gerais, Brasil (online)} }"
P03,publication,To appear,"Wurmbrand, S. (To appear). Tense in non-finite complementation—from syntax to the interfaces. In S. Cable, T. Ogihara, & K. Zagona (Eds.), *The Cambridge Handbook of Temporality in Language*. Cambridge University Press.","@inbook{Wurmbrand_To appear, author={Wurmbrand, S.}, title={Tense in non-finite complementation—from syntax to the interfaces}, year={To appear}, place={Cambridge}, booktitle={The Cambridge Handbook of Temporality in Language}, publisher={Cambridge University Press}, editor={Cable, S. and Ogihara, T. and Zagona, K.} }"
P03,publication,To appear,"Wurmbrand, S. (To appear). The mapping of syntax to Phonology and Semantics—A Redundancy and Deficiency approach. In A. Bondaruk & S. Zdziebko (Eds.), *Minimalism in syntax and phonology*. John Benjamins.","@inbook{Wurmbrand_To appear, author={Wurmbrand, S.}, title={The mapping of syntax to Phonology and Semantics—A Redundancy and Deficiency approach}, year={To appear}, place={Amsterdam}, booktitle={Minimalism in syntax and phonology}, publisher={John Benjamins}, editor={Bondaruk, A. and Zdziebko, S.} }"
P03,talk,2025,"Wurmbrand, S., Kobayashi, F. H., Gardner, C., Keller, F., & Riedl, A. (2025). *Fake indexicals in relative clauses* [Plenary talk]. 25th Annual International Conference (AICED 25), Bucharest.","@misc{Wurmbrand_Kobayashi_Gardner_Keller_Riedl_2025, author={Wurmbrand, S. and Kobayashi, F. H. and Gardner, C. and Keller, F. and Riedl, A.}, title={Fake indexicals in relative clauses}, year={2025}, eventtitle={25th Annual International Conference (AICED 25)}, venue={Bucharest} }"
P03,talk,2025,"Wurmbrand, S., Kobayashi, F. H., Gardner, C., Keller, F., & Riedl, A. (2025). *The Morphosyntax of Fake Indexicals* [Invited talk]. Workshop on Indexicality, Geneva.","@misc{Wurmbrand_Kobayashi_Gardner_Keller_Riedl_2025, author={Wurmbrand, S. and Kobayashi, F. H. and Gardner, C. and Keller, F. and Riedl, A.}, title={The Morphosyntax of Fake Indexicals}, year={2025}, eventtitle={Workshop on Indexicality}, venue={Geneva} }"
P05,talk,2025,"Zeijlstra, H., Kaur, G., & Vinke, J. (2025). *The φ-features of U*. Linguistics in the Netherlands, Utrecht.","@misc{Zeijlstra_Kaur_Vinke_2025, author={Zeijlstra, H. and Kaur, G. and Vinke, J.}, title={The φ-features of U}, year={2025}, eventtitle={Linguistics in the Netherlands}, venue={Utrecht} }"
